Name,Company,Title,LinkedIn,Industry,Size,Pain Signal,DM,Email
Sarah Chen,MetricFlow,Founder & CEO,https://linkedin.com/in/sarah-chen-metricflow,SaaS,10-50,Looking to scale outbound sales without hiring more SDRs,"Hey Sarah, I see MetricFlow is crushing it—want to chat about scaling your outbound sales without adding more SDRs? I’ve got a few strategies that could help.","Subject: Scale Your Outbound Efforts Without More SDRs

Hey Sarah,

I love how MetricFlow is revolutionizing data management for SaaS companies. Scaling outbound sales can be a challenge, especially when hiring more SDRs isn’t an option.

What if you could boost your outreach efficiency using advanced automation tailored for your unique audience? We’ve helped similar SaaS founders streamline their processes, allowing them to focus on closing deals rather than chasing leads.

Let’s chat about how we can get MetricFlow to the next level without adding to your headcount. Are you free for a quick call this week?

Best,  
Connor"
David Park,LaunchLeads,CEO,https://linkedin.com/in/david-park-launchleads,SaaS/Lead Gen,50-200,Already offers SaaS lead gen but may need AI calling to differentiate,"Hey David, I see LaunchLeads is doing great things in the lead gen space. Have you considered integrating AI calling to stand out even more? Let's chat if you're interested.","Subject: Elevate LaunchLeads with AI Calling

Hey David,

I’ve been following LaunchLeads and love how you’re shaking up the lead gen space. With so much competition, standing out is crucial. 

What if you could supercharge your SaaS offering with AI calling? Imagine enhancing your lead engagement and conversion rates while cutting down on manual follow-up. 

I’ve seen companies like yours leverage AI to not only save time but also to create personalized touchpoints that truly resonate with prospects. 

Let’s chat about how integrating AI calling into your platform can give you the edge you need. Are you available for a quick call this week?

Best,  
Connor"
Michael Roberts,Callbox Inc,CEO,https://linkedin.com/in/michael-roberts-callbox,B2B Lead Generation,200-500,Established outbound agency - prime target for AI sales calling tech,"Hi Michael, I see Callbox excels in B2B lead generation. How open are you to exploring AI sales calling tech that could supercharge your outbound efforts? Let’s chat.","Subject: Elevate Callbox's Outbound Game

Hi Michael,

I’ve been following Callbox and love how you’re revolutionizing B2B lead generation. Your commitment to quality outreach sets you apart in a crowded market.

Imagine supercharging your outbound efforts with AI-driven sales calling tech. Our solution can enhance your team's efficiency, allowing them to focus on closing deals while the AI handles initial outreach. This means more qualified leads and less time on the phone.

Can we schedule a quick call this week to explore how we can boost your current process? 

Best,  
Connor"
Emma Wilson,Growth.cx,Co-Founder,https://linkedin.com/in/emma-wilson-growthcx,Marketing Agency,10-50,Full-service agency expanding into outbound - needs calling automation,"Hey Emma, I see Growth.cx is expanding into outbound—let’s chat about how our calling automation can streamline that process. When’s a good time for a quick call?","Subject: Streamline Your Outbound Efforts

Hey Emma,

I see Growth.cx is expanding into outbound marketing—exciting times! As you ramp up those efforts, calling automation can be a game-changer. 

Imagine your team focusing on closing deals instead of dialing numbers. Our solution automates calls and integrates seamlessly with your existing tools, giving you more time to strategize and execute.

Let’s chat about how we can help you hit your outbound goals faster. Are you available for a quick call this week?

Best,  
Connor"
James Mitchell,Profitbl,CEO,https://linkedin.com/in/james-mitchell-profitbl,SaaS/Lead Gen,10-50,SaaS outbound lead gen agency - could white-label AI calling,"Hey James, I see Profitbl is killing it in lead gen. How about we chat on how our white-label AI calling can supercharge your outreach?","Subject: Elevate Profitbl’s Outreach with AI Calling

Hey James,

I’ve been following Profitbl’s innovative lead gen strategies, and I see a huge opportunity. Imagine boosting your outreach with white-label AI calling—it can enhance your efficiency and scale your efforts without the hassle of hiring more reps.

AI calling can handle initial outreach, qualify leads, and free up your team to focus on closing deals. It’s the perfect fit for a SaaS like yours that thrives on speed and precision.

Let’s chat about how we can integrate this into your process. Are you open to a quick call this week?

Best,  
Connor"
Lucas Martinez,Coinbound,CEO,https://linkedin.com/in/lucas-martinez-coinbound,SaaS Marketing,10-50,Performance-based SaaS marketing - AI calling fits their model,"Hey Lucas, I see Coinbound is killing it in SaaS marketing—have you considered integrating AI calling to boost your performance-based campaigns? Let’s chat about how it can enhance your results.","Subject: Boost Your SaaS Performance with AI Calling

Hey Lucas,

I’ve been following Coinbound, and I love how you’re shaking up SaaS marketing with your innovative approach. Given the intense competition in the space, I think AI-driven calling could give your clients a serious edge.

Imagine enhancing your outreach strategy with AI that connects at the right moment, streamlining lead generation while maintaining that personal touch. It’s all about getting the right message to the right person fast.

Let’s chat about how this could supercharge your campaigns. Are you free for a quick call this week?

Best,  
Connor"
Amanda Foster,Realbot,CEO,https://linkedin.com/in/amanda-foster-realbot,Real Estate Tech,10-50,Already doing real estate automation - natural expansion to AI calling,"Hey Amanda, I see Realbot is already streamlining real estate automation—how about we chat about leveraging AI calling to supercharge that? Let’s connect and explore how we can elevate your tech further.","Subject: Elevate Realbot with AI Calling

Hi Amanda,

I love what Realbot is doing in the real estate automation space—streamlining processes is key in a competitive market. Imagine taking it a step further with AI calling, effortlessly connecting agents with leads while handling routine inquiries.

Integrating AI can not only improve response times but also free up your team to focus on closing deals. With your expertise in automation, this could be a game-changer for Realbot.

Let’s chat about how we can make AI calling a reality for your team. Are you free for a quick call this week?

Best,  
Connor"
Chris Taylor,AiRE Solutions,Founder,https://linkedin.com/in/chris-taylor-aire,Real Estate AI,5-20,Already offers AI cold calling for real estate - could partner or white-label,"Hey Chris, I love what AiRE Solutions is doing with AI in real estate. How about we chat about a potential partnership or white-labeling our AI cold calling solution to enhance your offerings?","Subject: Let’s Elevate AI Cold Calling Together

Hey Chris,

I’ve been following AiRE Solutions and love how you’re revolutionizing cold calling in real estate. Your AI tech has real potential, but imagine scaling it even further with a white-label partner like Connor Corp.

We specialize in enhancing AI solutions and can help you expand your offerings without the heavy lifting. Together, we can create a comprehensive tool that real estate agents won’t be able to resist.

Let’s chat about how we can collaborate. Are you available for a quick call this week?

Best,  
Connor"
Rachel Kim,Martal Group,CEO,https://linkedin.com/in/rachel-kim-martal,B2B Lead Gen,50-200,B2B outbound agency - AI calling is a natural add-on,"Hey Rachel, I see Martal Group excels in B2B lead gen—how about we chat about integrating AI calling to supercharge your outbound efforts?","Subject: Boost Your Lead Gen with AI Calling

Hi Rachel,

I’ve been following Martal Group’s innovative approach to B2B lead generation, and I’m impressed by your results in helping businesses connect effectively. 

Imagine supercharging your outbound efforts with AI calling. It’s the perfect complement to your existing strategies—more personalized outreach, faster connections, and better lead qualification. With our AI solution, your team can focus on closing deals while we handle the initial outreach.

Let’s chat about how AI calling can elevate your lead gen game. Are you open to a quick call this week?

Best,  
Connor"
Tom Bradley,The CMO,CEO,https://linkedin.com/in/tom-bradley-thecmo,Marketing/Lead Gen,10-50,B2B SaaS lead gen services - needs AI calling capability,"Hey Tom, I see The CMO is crushing it in lead gen. Have you considered adding AI calling to supercharge your outreach? Let’s chat about how we can make that happen.","Subject: Boost Your Lead Gen with AI Calling

Hey Tom,

I’ve been following The CMO’s innovative approach to B2B lead gen, and I see a huge opportunity to elevate your game even further. 

Imagine integrating AI calling into your services to streamline outreach and enhance your client conversion rates. Our AI platform can help you engage leads faster and more effectively, giving your team time to focus on strategy instead of dialing.

Let’s chat about how we can help The CMO stand out even more in the ever-competitive marketing landscape. 

Are you open to a quick call this week?

Best,  
Connor"
Nicole Adams,Veriti,CEO,https://linkedin.com/in/nicole-adams-veriti,Real Estate AI,5-20,Real estate automation consultancy - AI calling fits service stack,"Hey Nicole, I see Veriti is shaking up real estate with AI—impressive stuff. How about a quick chat on how our automation solutions can elevate your calling strategy?","Subject: Let’s Supercharge Veriti’s AI Capabilities

Hi Nicole,

I love how Veriti is redefining real estate with AI. Your approach to automating property evaluations is impressive and timely.

At Connor Corp, we specialize in enhancing AI solutions to streamline client calls. Imagine integrating our AI calling service with your platform—boosting client engagement and reducing follow-up times.

Let’s explore how we can make your tech even more powerful. Are you open to a quick chat next week?

Best,  
Connor"
Mark Johnson,Boundev,Founder,https://linkedin.com/in/mark-johnson-boundev,Real Estate Tech,5-20,AI real estate solutions - could integrate AI calling,"Hey Mark, I see Boundev is shaking up real estate tech. Have you considered integrating AI calling to boost client engagement? Let’s chat if you’re open to exploring this.","Subject: Elevate Boundev with AI Calling

Hi Mark,

I’ve been following Boundev's innovative approach to real estate tech, especially your focus on streamlining property transactions. Imagine supercharging that process with AI calling—automating follow-ups and enhancing client engagement without losing the personal touch.

Our AI solution can help your team close deals faster and provide better service, setting Boundev apart in a competitive market. 

Let’s chat for 15 minutes this week to explore how we can integrate this seamlessly into your platform. 

Looking forward to your thoughts!

Best,  
Connor"
Jessica Lee,Systree,CEO,https://linkedin.com/in/jessica-lee-systree,Real Estate Tech,10-50,Real estate tech trends and AI - expanding into calling automation,"Hey Jessica, I see Systree is at the forefront of real estate tech—what’s your take on AI-driven calling automation? I’d love to share insights on how it can boost engagement in your space.","Subject: Elevate Systree’s Game with AI-Powered Calling

Hi Jessica,

I’ve been following Systree’s innovative approach to real estate tech, especially your focus on enhancing user experience. With AI making waves in our industry, imagine leveraging calling automation to streamline client interactions and close deals faster.

By integrating smart calling solutions, your team can focus on what they do best—building relationships—while AI handles the routine calls. This could boost your efficiency and set Systree apart in a competitive market.

Let’s chat about how this can fit into your vision for Systree. Are you available for a quick call this week?

Best,  
Connor  
Founder, Connor Corp"
Daniel Wong,Zealousys,CEO,https://linkedin.com/in/daniel-wong-zealousys,Real Estate Tech,50-200,Real estate AI development - could resell AI calling to clients,"Hey Daniel, I see Zealousys is making waves in real estate tech. How about a quick chat to explore how our AI calling solution could add value to your clients?","Subject: Elevate Zealousys with AI Calling

Hey Daniel,

I’ve been following Zealousys and love how you’re pushing the boundaries in real estate tech. With the market becoming increasingly competitive, I believe integrating our AI calling solution could give you an edge by enhancing client engagement and automating outreach.

Imagine your clients having AI-powered conversations that can book more appointments and provide instant responses. It’s a game changer for driving leads in today’s fast-paced market.

Let’s chat about how we can tailor this to fit your offerings. Are you available for a quick call this week?

Best,  
Connor"
Priya Sharma,Appinventiv,Director,https://linkedin.com/in/priya-sharma-appinventiv,Real Estate Tech,500+,Large agency doing AI real estate - AI calling could be new service line,"Hey Priya, I see Appinventiv is shaking up real estate tech. How about a quick chat to explore how AI calling can elevate your client engagement? Let me know if you're interested!","Subject: Unlock AI Potential in Real Estate

Hi Priya,

I’ve been following Appinventiv’s innovative strides in real estate tech, especially your focus on enhancing user experiences. With the rise of AI in our industry, I see a huge opportunity for you to introduce AI-driven calling as a new service line. 

Imagine automating lead outreach and enhancing client interactions, all while freeing up your team’s time for strategic projects. 

How about a quick call next week to discuss how this could fit into your vision? 

Best,  
Connor  
Founder, Connor Corp"
Andrew Thompson,CalmOps,Founder,https://linkedin.com/in/andrew-thompson-calmops,SaaS/Business Consulting,1-10,Solo founder offering B2B sales guide - needs tools to sell,"Hey Andrew, I see you're building CalmOps into something great. If you’re looking for tools to ramp up your B2B sales, I’ve got a guide that could help. Interested in a quick chat?","Subject: Boost CalmOps' Sales Game

Hey Andrew,

I noticed CalmOps is shaking up the SaaS consulting space—love the focus on operational efficiency. As a solo founder myself, I know the struggle of juggling everything, especially B2B sales.

I’ve put together a sales guide specifically for solo founders that cuts through the noise and delivers actionable strategies. It’s tailored for SaaS companies looking to streamline their sales process and close deals faster.

Want to take a look? I’m confident it can help you scale CalmOps even further.

Let me know if you’re interested, and I’ll send it your way.

Best,  
Connor"
Ryan O'Brien,Kite Metric,CEO,https://linkedin.com/in/ryan-obrien-kitemetric,SaaS/Tools,5-20,Indie hacker sales tools - AI calling would be a new product category,"Hey Ryan, I see Kite Metric is all about innovative sales tools. Interested in exploring how AI calling could elevate your offerings? Let’s chat.","Subject: Elevate Kite Metric with AI Calling

Hey Ryan,

I’ve been following Kite Metric’s journey in the indie hacker space—your focus on sales tools is impressive. With AI calling on the rise, there’s a huge opportunity to enhance your offerings. Imagine automating calls while keeping that personal touch your users love.

Integrating AI calling could streamline workflows for indie developers, making their sales processes way more efficient. It’s a game-changer.

Let’s chat about how we can get Kite Metric ahead of the curve. Are you open to a quick call next week?

Best,  
Connor"
Sophie Martin,Buska,CEO,https://linkedin.com/in/sophie-martin-buska,SaaS/Lead Gen,5-20,IndieHackers lead gen platform - could add AI calling feature,"Hey Sophie, I see Buska is making waves in lead gen. How would you feel about exploring an AI calling feature to supercharge your platform? Let’s chat if you're interested.","Subject: Unlock AI Calling for Buska’s Lead Gen

Hey Sophie,

I’ve been following Buska’s journey in the lead gen space—your focus on empowering indie hackers is inspiring! 

Imagine enhancing your platform with an AI calling feature that automates outreach and boosts conversion rates. It could save your users time and help them connect with leads faster, setting Buska apart from other platforms.

Let’s chat about how we can bring this to life. Are you free for a quick call this week?

Best,  
Connor"
Alex Rivera,Remote Indie,Founder,https://linkedin.com/in/alex-rivera-remoteindie,Virtual Assistant/Sales,5-20,Offers VA sales services - AI calling threatens/replaces their model,"Hey Alex, I see the AI wave is changing the game for VA sales. How are you adapting your services to stay ahead? Let’s chat about some strategies that could give you an edge.","Subject: Let’s Talk About the Future of Remote Indie

Hey Alex,

I see Remote Indie is doing great work in the VA sales space. But with AI calling gaining traction, I imagine you’re feeling the heat.

Here’s the deal: human touch still wins in sales. My team specializes in blending tech with personal outreach, ensuring your clients get the best of both worlds. We can help you enhance your current offerings, making your service stand out even more against the AI wave.

Let’s chat about how we can adapt to this shift together. Are you free for a quick call this week?

Best,  
Connor"
Jordan Smith,SignalPipe,Founder,https://linkedin.com/in/jordan-smith-signalpipe,SaaS/Lead Gen,1-10,Outbound sales monitoring tool - could integrate AI calling,"Hey Jordan, I see SignalPipe is shaking up lead gen—impressive work! Would you be open to a quick chat about how AI calling could supercharge your outbound sales monitoring?","Subject: Let’s Supercharge SignalPipe’s Outbound Sales

Hey Jordan,

I’ve been following SignalPipe’s journey in the lead gen space—your focus on optimizing outbound sales is impressive. 

Imagine integrating AI calling into your tool. It could elevate your monitoring capabilities, making it easier for teams to engage leads at the right moment. With the right AI, you could boost response rates and streamline workflows, keeping sales teams focused on closing deals.

Let’s chat about how we can make this happen for SignalPipe. Are you free for a quick call this week?

Best,  
Connor"
Olivia Bennett,Hudson Recruitment,Managing Director,https://linkedin.com/in/olivia-bennett-hudson,Australia,Recruitment,200-500,"Hi Olivia, I admire Hudson Recruitment's impact in the industry. Are you open to a quick chat about innovative recruitment strategies that could boost your team's performance?","Subject: Elevate Your Talent Acquisition Strategy

Hi Olivia,

I noticed Hudson Recruitment is making waves in the Aussie recruitment scene, especially with your focus on tech roles. As the demand for top tech talent skyrockets, having a streamlined hiring process is crucial.

At Connor Corp, we specialize in optimizing recruitment workflows with smart automation tools that save time and reduce hiring costs. Imagine cutting your time-to-hire in half while improving candidate quality.

Can we schedule a quick call next week to explore how we can support your team in landing those hard-to-find candidates?

Best,  
Connor"
Benjamin Lee,People2People,CEO,https://linkedin.com/in/benjamin-lee-people2people,Recruitment,50-200,Mid-size recruitment agency - needs to scale candidate sourcing without more staff,"Hey Benjamin, I see People2People is making waves in recruitment. How about a quick chat on scaling your candidate sourcing with smart automation, so you can grow without adding more staff?","Subject: Scale Your Sourcing Without the Hiring Hassle

Hey Benjamin,

I see People2People is making waves in the recruitment space, especially with your focus on personal connections. To keep that edge while scaling, what if you could enhance your candidate sourcing without adding more staff?

Our AI-driven sourcing tool can help you uncover top talent faster, automating the tedious parts of the process. This way, your team can focus on building those crucial relationships that set you apart.

Curious to see how it works? Let’s schedule a quick 15-minute chat next week.

Best,  
Connor"
Sophia Nguyen,Robert Half,Director,https://linkedin.com/in/sophia-nguyen-roberthalf,Recruitment,500+,Global recruitment brand - AI calling for client acquisition and candidate screening,"Hey Sophia, I see Robert Half is leading the way in recruitment—how open are you to exploring AI solutions for enhancing your client acquisition and candidate screening?","Subject: Elevate Your Recruitment Game with AI

Hi Sophia,

I’ve been following Robert Half’s innovative approach to recruitment, especially your focus on matching top talent with the right opportunities. 

Imagine streamlining client acquisition and candidate screening with AI that understands your unique needs. Our solution cuts down time spent on manual processes, letting your team focus on what they do best: building relationships.

Let’s chat about how we can help Robert Half enhance its efficiency and elevate candidate experiences. Are you available for a quick call this week?

Best,  
Connor"
Liam Cooper,Adecco Australia,CEO,https://linkedin.com/in/liam-cooper-adecco,Recruitment,500+,Major recruitment agency - AI calling could automate client prospecting,"Liam, imagine automating your client prospecting with AI—boosting efficiency while freeing your team to focus on what they do best. Interested in a quick chat to explore how this could transform Adecco Australia’s approach?","Subject: Transform Your Client Prospecting with AI

Hey Liam,

I see Adecco Australia is leading the way in recruitment, but even the best can face hurdles in client prospecting. What if you could automate that process with AI, freeing up your team's time to focus on building relationships instead of chasing leads?

Our AI solution could streamline your outreach, making it smarter and more efficient—perfect for a company at the forefront of recruitment. 

Let’s chat about how we can tackle this together. How does a quick call next week sound?

Best,  
Connor"
Emma Richardson,ManpowerGroup,Director,https://linkedin.com/in/emma-richardson-manpower,Recruitment,500+,Global staffing firm - AI sales calling for B2B client acquisition,"Hey Emma, I see ManpowerGroup is at the forefront of recruitment. How open are you to exploring AI-driven solutions to boost your B2B client acquisition? Let’s chat if you’re interested.","Subject: Boost Your Recruitment Game with AI

Hi Emma,

I’ve seen how ManpowerGroup is leading the charge in the staffing industry. With the demand for skilled talent skyrocketing, I believe AI-driven sales calling can give you a serious edge in client acquisition.

Our solution automates outreach, enabling your team to focus on what they do best—connecting with candidates and clients. Imagine cutting your outreach time in half while increasing lead conversions.

Let’s chat for 15 minutes this week to explore how we can enhance your recruitment strategy with AI. What does your schedule look like?

Best,  
Connor"
William Zhang,Hays Recruitment,Managing Director,https://linkedin.com/in/william-zhang-hays,Recruitment,500+,Leading specialist recruitment - AI calling for new client development,"Hey William, I see Hays is at the forefront of recruitment—how about a quick chat on how AI can supercharge your client development efforts? Let’s connect and explore some fresh ideas.","Subject: Let’s Talk AI for Recruitment

Hi William,

I’ve been following Hays Recruitment’s innovative approach in matching talent with opportunities, especially your recent focus on leveraging AI in the hiring process. 

At Connor Corp, we specialize in AI solutions that streamline candidate sourcing, enhancing accuracy and reducing time-to-hire. Imagine cutting your candidate vetting time in half while improving fit.

I’d love to share how our technology can supercharge your recruitment efforts and help Hays stay ahead in the competitive landscape. 

Are you open to a quick chat next week? 

Best,  
Connor"
Charlotte Davis,Michael Page,Director,https://linkedin.com/in/charlotte-davis-michaelpage,Recruitment,500+,Executive recruitment firm - AI calling for proactive candidate outreach,"Hi Charlotte, I see you excel in connecting top talent with the right opportunities. Would you be open to a quick chat about how our AI can enhance your proactive candidate outreach?","Subject: Elevate Your Candidate Outreach with AI

Hi Charlotte,

I see Michael Page is a leader in executive recruitment, and with the talent market getting tighter, proactive outreach is key. 

Our AI-driven platform helps firms like yours identify and engage top candidates before they even think about looking for a job. Imagine having a tool that not only saves your team time but also uncovers hidden gems in the talent pool.

Let’s chat about how we can enhance your candidate outreach strategy. Are you free for a quick call this week?

Best,  
Connor"
Henry Wilson,Randstad Australia,CEO,https://linkedin.com/in/henry-wilson-randstad,Recruitment,500+,Global HR services - AI calling to automate sales to enterprise clients,"Hey Henry, I see Randstad is all about innovation in recruitment. How open are you to exploring AI solutions that can automate sales processes for enterprise clients? Let’s chat.","Subject: Boost Your Recruitment Game with AI

Hey Henry,

I love how Randstad Australia is at the forefront of connecting talent with opportunity. With the recruitment landscape getting more competitive, I wanted to share how AI calling can streamline your sales process to enterprise clients.

Imagine automating those repetitive outreach calls while your team focuses on building relationships. Our solution has helped agencies like yours reduce call times by 30%, letting you place more candidates faster. 

Can we schedule a quick chat next week to explore how this could fit into your strategy?

Cheers,  
Connor"
Zoe Anderson,Finite Recruitment,Founder,https://linkedin.com/in/zoe-anderson-finite,Recruitment,10-50,IT specialist recruitment - AI calling for tech candidate sourcing,"Hey Zoe, I see you’re shaking up recruitment at Finite. Interested in exploring how AI can supercharge your candidate sourcing? Let’s chat.","Subject: Elevate Your Candidate Sourcing with AI

Hey Zoe,

I’ve been following Finite Recruitment’s impressive work in connecting IT specialists with top tech firms. As the demand for skilled talent skyrockets, I believe our AI-driven sourcing tool can give you an edge.

Imagine cutting your candidate sourcing time in half while increasing the quality of your matches. Our platform uses advanced algorithms to pinpoint the best tech talent, allowing you to focus on what you do best—building relationships.

Let’s chat about how we can supercharge your recruitment process. Are you free for a quick call this week?

Best,  
Connor"
Noah Thompson,Precision Sourcing,Director,https://linkedin.com/in/noah-thompson-precision,Recruitment,10-50,Niche IT recruitment - AI calling could scale their outreach to passive candidates,"Hey Noah, I see Precision Sourcing is focused on niche IT recruitment. Have you considered using AI calling to scale your outreach to passive candidates? Let’s chat about how it could boost your results.","Subject: Scale Your IT Talent Search with AI

Hey Noah,

I noticed Precision Sourcing has a solid reputation in niche IT recruitment. With the tech talent market tightening, scaling your outreach to passive candidates is crucial.

Imagine using AI calling to touch base with those hard-to-reach prospects effortlessly. It could free up your team to focus on building relationships while we handle the initial outreach.

Let’s chat about how AI can boost your candidate engagement and expand your talent pool. 

Are you free for a quick call this week?

Best,  
Connor"
Lucas Brown,Think & Grow,CEO,https://linkedin.com/in/lucas-brown-thinkgrow,Business Consulting,10-50,Startup growth consultancy - AI calling to help clients scale sales,"Hey Lucas, I see Think & Grow is all about scaling sales—what if we combined your expertise with our AI solutions to supercharge your clients’ growth? Let’s chat.","Subject: Unlock Sales Growth with AI

Hi Lucas,

I love what Think & Grow is doing, especially your focus on tailored strategies for startups. With the rise of AI in sales, there’s a massive opportunity to leverage technology for faster growth.

We’ve developed an AI calling tool specifically designed to help consultancies like yours enhance client sales performance. Imagine your clients scaling their outreach without the usual hurdles—more leads, less friction.

Let’s chat about how we can supercharge your client offerings. Are you available for a quick call this week?

Best,  
Connor"
Mia Johnson,The Entrepreneur's Advisor,Founder,https://linkedin.com/in/mia-johnson-advisor,Business Coaching,1-10,Solo business coach - AI calling to reach more clients without hiring sales team,"Hey Mia, I see you're passionate about helping entrepreneurs thrive. How about a quick chat on how AI can help you reach more clients without the hassle of hiring a sales team?","Subject: Unlock More Clients with AI

Hi Mia,

I admire how The Entrepreneur's Advisor empowers solo business coaches to elevate their game. Imagine reaching more clients without the hassle of hiring a sales team. 

With AI-driven calling, you can connect with potential clients efficiently and effectively, giving you more time to focus on coaching. It’s a game-changer for solo entrepreneurs like you who want to scale without the overhead.

Let’s chat about how this can fit into your strategy. Are you free for a quick call this week?

Best,  
Connor"
Ethan Davis,Scale Partners,CEO,https://linkedin.com/in/ethan-davis-scalepartners,Business Consulting,10-50,Growth consultancy for SMEs - AI calling as service offering to clients,"Hey Ethan, I see Scale Partners is driving growth for SMEs—what if we supercharged that with AI calling? Let’s chat about how it could elevate your service offering. Interested?","Subject: Let’s Talk AI for Scale Partners’ Clients

Hey Ethan,

I’ve been following Scale Partners’ impressive work with SMEs, especially how you help them navigate growth challenges. As you know, AI is changing the game in business consulting. 

I believe our AI calling service can enhance your offerings by automating routine outreach and freeing up your team to focus on strategy. Imagine your clients achieving faster lead generation without sacrificing quality.

Let’s chat for 15 minutes this week to explore how we can integrate this into your consulting toolbox. 

Best,  
Connor"
Ava Wilson,TrAction Consulting,Director,https://linkedin.com/in/ava-wilson-traction,Business Consulting,10-50,Small business consulting - AI calling to automate their own client acquisition,"Hey Ava, I see you're passionate about helping small businesses thrive. How about a quick chat on how AI calling can streamline client acquisition for your clients?","Subject: Streamline Your Client Acquisition with AI

Hi Ava,

I noticed TrAction Consulting is all about empowering small businesses to thrive. What if you could supercharge your client acquisition process with AI calls? 

Imagine automating those initial outreach efforts, allowing your team to focus on what they do best: providing exceptional consulting. This means more time for strategy and less time on the phone. 

Let’s chat about how we can implement AI calling to boost your client onboarding. Interested in a quick call this week?

Best,  
Connor  
Founder, Connor Corp"
Isabella Martin,One Roof,Founder,https://linkedin.com/in/isabella-martin-oneroof,Business Coaching,5-20,Women's business community - AI calling for membership and event sales,"Isabella, love what you’re doing at One Roof! How about we chat about how AI can enhance your community's membership and events?","Subject: Let’s Empower More Women Together

Hi Isabella,

I love how One Roof is reshaping the landscape for women entrepreneurs. Your focus on building a supportive community is exactly what’s needed in today’s business world.

I’m reaching out because I believe our AI-driven tools can supercharge your membership and event sales. Imagine leveraging AI to personalize outreach and boost engagement for your community—making every member feel valued and connected.

Let’s chat for 15 minutes this week. I’d love to explore how we can elevate One Roof’s impact together.

Best,  
Connor"
Jack Robinson,Converge Digital,CEO,https://linkedin.com/in/jack-robinson-converge,Digital Marketing,10-50,Australian digital agency - needs AI calling for their own lead gen and as a service,"Hey Jack, I see Converge Digital is making waves in the marketing space. How about a quick chat to explore how AI calling can supercharge your lead gen efforts?","Subject: Let’s Amp Up Your Lead Gen with AI

Hey Jack,

I’ve been following Converge Digital’s innovative campaigns, especially your work with local brands. Your team clearly knows how to drive results in the competitive Australian market.

What if you could supercharge your lead gen with AI calling? Imagine a tool that not only saves time but also engages potential clients 24/7—driving more quality leads straight to your team.

Let’s chat about how we can integrate AI into your strategy and take your agency’s growth to the next level. 

Are you free for a quick call this week?

Cheers,  
Connor"
Sophie Turner,Growth Solutions Australia,Director,https://linkedin.com/in/sophie-turner-growthsolutions,Business Consulting,5-20,SME growth consultancy - AI calling to scale without adding headcount,"Hey Sophie, I see you're driving growth at Growth Solutions Australia. How open are you to exploring AI solutions that can scale your clients' businesses without adding headcount? Let’s chat.","Subject: Scale Faster with AI at GSA

Hi Sophie,

I see Growth Solutions Australia is all about empowering SMEs. Imagine helping your clients scale their outreach without the headache of hiring more staff. 

Our AI-driven calling platform does just that—enabling businesses to reach more prospects efficiently while keeping costs down. 

Let’s chat about how integrating our solution can elevate your consulting offerings and supercharge your clients’ growth. 

Are you free for a quick call next week?

Best,  
Connor"
Mason Lee,Clearwater Agency,CEO,https://linkedin.com/in/mason-lee-clearwater,Digital Marketing,10-50,Australian marketing agency - AI calling for client acquisition and retention,"Hey Mason, I see Clearwater Agency is crushing it in digital marketing. How about a quick chat to explore how AI can supercharge your client acquisition and retention efforts?","Subject: Elevate Your Client Engagement with AI

Hi Mason,

I’ve been following Clearwater Agency’s innovative approach to digital marketing in Australia. Your focus on building genuine connections sets you apart.

Imagine supercharging your client acquisition and retention with AI-driven calls that engage leads more effectively and keep existing clients loyal. Our platform specializes in creating personalized conversations that resonate, giving your team more time to strategize and innovate.

Let’s chat about how integrating AI into your client outreach can enhance your existing efforts. Are you free for a quick call this week?

Best,  
Connor"
Chloe Anderson,EBS & Associates,Managing Director,https://linkedin.com/in/chloe-anderson-ebs,Business Consulting,50-200,Business advisory firm - AI calling for client prospecting and appointment setting,"Hey Chloe, I see EBS & Associates is all about driving results—how about exploring AI solutions that can streamline your client prospecting? Let’s chat if you’re open to it.","Subject: Elevate Your Client Outreach with AI

Hi Chloe,

I noticed EBS & Associates is making waves in the business consulting space, especially with your focus on innovative strategies. What if you could supercharge your client prospecting with AI that sets appointments for you?

Our AI solution streamlines the calling process, identifying and engaging potential clients while you focus on delivering value. It’s designed for firms like yours, where every connection counts.

Let’s chat about how we can take your outreach to the next level. Are you available for a quick call this week?

Best,  
Connor"
Liam Harris,Boutique Recruitment,Founder,https://linkedin.com/in/liam-harris-boutique,Recruitment,5-20,Boutique recruitment - AI calling to compete with larger agencies on outreach,"Hey Liam, I see Boutique Recruitment is shaking things up in the AI space. How about a quick chat to explore how we can supercharge your outreach strategy?","Subject: Elevate Your Outreach with AI

Hey Liam,

I admire how Boutique Recruitment is shaking up the recruitment game. Competing with larger agencies is no small feat, and I believe AI could give you an edge in outreach.

Imagine automating your initial calls while keeping that personal touch. Our AI solution can help you engage candidates faster and more effectively, freeing up your team to focus on building relationships.

Curious to see how it could fit into your strategy? Let’s set up a quick call. 

Best,  
Connor"
Rebecca Matias,Callbox Inc.,VP of Sales & Operations,https://www.linkedin.com/company/callboxinc,B2B Lead Generation Agency,200-500,"Already using 'Human + AI' approach with proprietary Smart Engage platform, but handling 10K+ campaigns across 60+ countries manually. Massive scale operation that could benefit from deeper AI workflow automation to reduce SDR overhead and improve per-campaign margins.","Hey Rebecca, I noticed Callbox Inc. is dealing with massive scale. We've built AI voice automation that could reduce overhead. Worth a chat?","Subject: AI for Callbox Inc.

Hi Rebecca Matias,

I came across Callbox Inc. and saw you're handling Already using 'Human + AI' approach with proprietary Smart Engage platform, but ...

We've helped similar agencies automate sales calling — cutting costs by 60%+.

Worth a 15-min call?

Connor
Connor Corp"
Alexandre Champoux,Martal Group,CEO & Founder,https://www.linkedin.com/company/martal-group,B2B Lead Generation / Outsourced SDR,200-500,"Claims 'proprietary AI outreach system' but data shows massive manual volume (58K+ emails, 19K+ calls per campaign) with low conversion rates. 200+ onshore reps doing repetitive work that AI agents could automate, reducing cost per lead significantly.","Hey Alexandre, I noticed Martal Group is dealing with massive scale. We've built AI voice automation that could reduce overhead. Worth a chat?","Subject: AI for Martal Group

Hi Alexandre Champoux,

I came across Martal Group and saw you're handling Claims 'proprietary AI outreach system' but data shows massive manual volume (58...

We've helped similar agencies automate sales calling — cutting costs by 60%+.

Worth a 15-min call?

Connor
Connor Corp"
Eric Quanstrom,CIENCE Technologies,Chief Marketing Officer,https://www.linkedin.com/company/cience-technologies,B2B Lead Generation / SaaS,100-250,Fast-growing lead gen agency with GO Data platform. Heavy reliance on human SDRs for outbound. AI automation could reduce SDR costs by 40-60% while increasing outreach capacity 10x. Looking to differentiate in crowded market.,"Hey Eric, I noticed CIENCE Technologies is dealing with massive scale. We've built AI voice automation that could reduce overhead. Worth a chat?","Subject: AI for CIENCE Technologies

Hi Eric Quanstrom,

I came across CIENCE Technologies and saw you're handling Fast-growing lead gen agency with GO Data platform. Heavy reliance on human SDRs...

We've helped similar agencies automate sales calling — cutting costs by 60%+.

Worth a 15-min call?

Connor
Connor Corp"
Vladyslav Podoliako,Belkins,CEO & Founder,https://www.linkedin.com/company/belkins,B2B Lead Generation Agency,50-200,"Appointment setting and lead gen agency with strong portfolio but scaling challenges. Manual email outreach, LinkedIn sequences, and research tasks dominate SDR time. AI automation could triple output without adding headcount.","Hey Vladyslav, I noticed Belkins is dealing with massive scale. We've built AI voice automation that could reduce overhead. Worth a chat?","Subject: AI for Belkins

Hi Vladyslav Podoliako,

I came across Belkins and saw you're handling Appointment setting and lead gen agency with strong portfolio but scaling challe...

We've helped similar agencies automate sales calling — cutting costs by 60%+.

Worth a 15-min call?

Connor
Connor Corp"
David Kreiger,SalesRoads,CEO & Founder,https://www.linkedin.com/company/salesroads,Outsourced SDR / Sales Development,50-200,Premier outsourced SDR firm with US-based reps. High labor costs (US onshore) make them vulnerable to AI disruption. Early AI adoption could protect margins and offer hybrid AI+human service tier to compete with offshore alternatives.,"Hey David, I noticed SalesRoads is dealing with massive scale. We've built AI voice automation that could reduce overhead. Worth a chat?","Subject: AI for SalesRoads

Hi David Kreiger,

I came across SalesRoads and saw you're handling Premier outsourced SDR firm with US-based reps. High labor costs (US onshore) ma...

We've helped similar agencies automate sales calling — cutting costs by 60%+.

Worth a 15-min call?

Connor
Connor Corp"
James Kerpan,Launch Leads,President,https://www.linkedin.com/company/launch-leads,B2B Lead Generation Agency,50-200,"Appointment setting and lead gen focused on tech/SaaS. Manual prospecting and qualification workflows. AI could automate lead research, scoring, and initial outreach—freeing human reps to focus on high-value conversations only.","Hey James, I noticed Launch Leads is dealing with massive scale. We've built AI voice automation that could reduce overhead. Worth a chat?","Subject: AI for Launch Leads

Hi James Kerpan,

I came across Launch Leads and saw you're handling Appointment setting and lead gen focused on tech/SaaS. Manual prospecting and qu...

We've helped similar agencies automate sales calling — cutting costs by 60%+.

Worth a 15-min call?

Connor
Connor Corp"
Aaron Lee,Smith.ai,CEO & Co-Founder,https://www.linkedin.com/company/smith-ai,Virtual Receptionist / Lead Qualification,50-200,"Already AI-forward with virtual receptionists and chat, but outbound sales development is underserved. Strong brand in inbound—expanding into AI-powered outbound SDR services would be natural product extension with existing customer base.","Hey Aaron, I noticed Smith.ai is dealing with massive scale. We've built AI voice automation that could reduce overhead. Worth a chat?","Subject: AI for Smith.ai

Hi Aaron Lee,

I came across Smith.ai and saw you're handling Already AI-forward with virtual receptionists and chat, but outbound sales devel...

We've helped similar agencies automate sales calling — cutting costs by 60%+.

Worth a 15-min call?

Connor
Connor Corp"
Keith Kakadia,Sociallyin,CEO & Founder,https://www.linkedin.com/company/sociallyin,Social Media Marketing Agency,50-200,Creative-led social agency looking to add AI/automation services. Strong in content but lacks systematic outbound lead gen for their own agency and clients. AI automation stack would differentiate from commodity social media shops.,"Hey Keith, I noticed Sociallyin is dealing with massive scale. We've built AI voice automation that could reduce overhead. Worth a chat?","Subject: AI for Sociallyin

Hi Keith Kakadia,

I came across Sociallyin and saw you're handling Creative-led social agency looking to add AI/automation services. Strong in cont...

We've helped similar agencies automate sales calling — cutting costs by 60%+.

Worth a 15-min call?

Connor
Connor Corp"
Bill Craig,WebFX,CEO,https://www.linkedin.com/company/webfx,Digital Marketing Agency,200-500,"Large agency with 500+ employees doing SEO, PPC, web design. Manual client acquisition and account management at scale. AI automation for lead nurturing, proposal generation, and client reporting would reduce overhead significantly.","Hey Bill, I noticed WebFX is dealing with massive scale. We've built AI voice automation that could reduce overhead. Worth a chat?","Subject: AI for WebFX

Hi Bill Craig,

I came across WebFX and saw you're handling Large agency with 500+ employees doing SEO, PPC, web design. Manual client acqui...

We've helped similar agencies automate sales calling — cutting costs by 60%+.

Worth a 15-min call?

Connor
Connor Corp"
Jacob Baadsgaard,Disruptive Advertising,CEO & Founder,https://www.linkedin.com/company/disruptive-advertising,Performance Marketing Agency,100-250,PPC-focused agency with strong tech stack for ads but manual sales process. Expanding into AI-powered lead gen and automation services for clients would create new revenue line and reduce churn by offering full-funnel solutions.,"Hey Jacob, I noticed Disruptive Advertising is dealing with massive scale. We've built AI voice automation that could reduce overhead. Worth a chat?","Subject: AI for Disruptive Advertising

Hi Jacob Baadsgaard,

I came across Disruptive Advertising and saw you're handling PPC-focused agency with strong tech stack for ads but manual sales process. Expa...

We've helped similar agencies automate sales calling — cutting costs by 60%+.

Worth a 15-min call?

Connor
Connor Corp"
William Ballance,Lavender,CEO & Co-Founder,https://www.linkedin.com/company/lavender-ai,Sales Email AI / SaaS,10-50,"AI email coaching tool for sales teams. Product works in single channel (email) only. Expanding into multi-channel AI outreach automation (LinkedIn, voice, video) would 10x their TAM and defend against broader platforms.","Hey William, I noticed Lavender is dealing with massive scale. We've built AI voice automation that could reduce overhead. Worth a chat?","Subject: AI for Lavender

Hi William Ballance,

I came across Lavender and saw you're handling AI email coaching tool for sales teams. Product works in single channel (email) ...

We've helped similar agencies automate sales calling — cutting costs by 60%+.

Worth a 15-min call?

Connor
Connor Corp"
Srinath Sridhar,Regie.ai,CEO & Co-Founder,https://www.linkedin.com/company/regie-ai,AI Sales Automation / SaaS,10-50,"AI platform for sales content and sequences. Well-funded startup in competitive space. Needs to expand beyond content into full workflow automation (research, enrichment, multi-channel outreach) to compete with bigger players.","Hey Srinath, I noticed Regie.ai is dealing with massive scale. We've built AI voice automation that could reduce overhead. Worth a chat?","Subject: AI for Regie.ai

Hi Srinath Sridhar,

I came across Regie.ai and saw you're handling AI platform for sales content and sequences. Well-funded startup in competitive ...

We've helped similar agencies automate sales calling — cutting costs by 60%+.

Worth a 15-min call?

Connor
Connor Corp"
Johnathan Dane,KlientBoost,CEO & Founder,https://www.linkedin.com/company/klientboost,Performance Marketing Agency,50-200,"High-growth PPC/CRO agency with strong brand but manual sales process. Heavy outbound to land enterprise clients. AI automation for prospecting, proposal creation, and follow-up sequences would accelerate growth without linear headcount adds.","Hey Johnathan, I noticed KlientBoost is dealing with massive scale. We've built AI voice automation that could reduce overhead. Worth a chat?","Subject: AI for KlientBoost

Hi Johnathan Dane,

I came across KlientBoost and saw you're handling High-growth PPC/CRO agency with strong brand but manual sales process. Heavy out...

We've helped similar agencies automate sales calling — cutting costs by 60%+.

Worth a 15-min call?

Connor
Connor Corp"
Eric Siu,Single Grain,CEO,https://www.linkedin.com/company/single-grain,Digital Marketing Agency,50-200,"Content-heavy marketing agency with podcasts, YouTube, and SEO services. Strong inbound but inconsistent outbound. AI-powered lead gen and nurture sequences would systematize sales and reduce reliance on founder-led selling.","Hey Eric, I noticed Single Grain is dealing with massive scale. We've built AI voice automation that could reduce overhead. Worth a chat?","Subject: AI for Single Grain

Hi Eric Siu,

I came across Single Grain and saw you're handling Content-heavy marketing agency with podcasts, YouTube, and SEO services. Strong ...

We've helped similar agencies automate sales calling — cutting costs by 60%+.

Worth a 15-min call?

Connor
Connor Corp"
Anand Keshu,LeadGenius,CEO,https://www.linkedin.com/company/leadgenius,B2B Data / Lead Generation,50-200,B2B data provider with global workforce for data collection. Core business threatened by AI data enrichment tools. Needs to pivot from manual data research to AI-powered automation services for clients—survival-level urgency.,"Hey Anand, I noticed LeadGenius is dealing with massive scale. We've built AI voice automation that could reduce overhead. Worth a chat?","Subject: AI for LeadGenius

Hi Anand Keshu,

I came across LeadGenius and saw you're handling B2B data provider with global workforce for data collection. Core business threa...

We've helped similar agencies automate sales calling — cutting costs by 60%+.

Worth a 15-min call?

Connor
Connor Corp"
Jeff Winters,Sapper Consulting,CEO & Founder,https://www.linkedin.com/company/sapper-consulting,B2B Lead Generation / Consulting,50-200,"B2B lead gen consultancy focused on complex sales. Heavy manual research and personalized outreach at small scale. AI could dramatically expand capacity per consultant, improving margins and enabling service to mid-market segment.","Hey Jeff, I noticed Sapper Consulting is dealing with massive scale. We've built AI voice automation that could reduce overhead. Worth a chat?","Subject: AI for Sapper Consulting

Hi Jeff Winters,

I came across Sapper Consulting and saw you're handling B2B lead gen consultancy focused on complex sales. Heavy manual research and per...

We've helped similar agencies automate sales calling — cutting costs by 60%+.

Worth a 15-min call?

Connor
Connor Corp"
Brendan King,Vendasta,CEO,https://www.linkedin.com/company/vendasta,White-Label SaaS Platform,200-500,White-label platform for agencies. Already offers CRM and marketing tools but lacks AI-powered outbound sales automation. Adding AI SDR capabilities would be massive upsell to 60K+ agency partners using their platform.,"Hey Brendan, I noticed Vendasta is dealing with massive scale. We've built AI voice automation that could reduce overhead. Worth a chat?","Subject: AI for Vendasta

Hi Brendan King,

I came across Vendasta and saw you're handling White-label platform for agencies. Already offers CRM and marketing tools but la...

We've helped similar agencies automate sales calling — cutting costs by 60%+.

Worth a 15-min call?

Connor
Connor Corp"
David Tal,Verse.ai,CEO & Co-Founder,https://www.linkedin.com/company/verse-ai,AI Lead Response / SaaS,10-50,AI-powered lead response platform (formerly Agentology). Strong in speed-to-lead for inbound. Natural expansion into AI outbound prospecting and nurture would complete their offering and increase ACV significantly.,"Hey David, I noticed Verse.ai is dealing with massive scale. We've built AI voice automation that could reduce overhead. Worth a chat?","Subject: AI for Verse.ai

Hi David Tal,

I came across Verse.ai and saw you're handling AI-powered lead response platform (formerly Agentology). Strong in speed-to-lead...

We've helped similar agencies automate sales calling — cutting costs by 60%+.

Worth a 15-min call?

Connor
Connor Corp"
Deepak Shukla,Pearl Lemon Leads,CEO & Founder,https://www.linkedin.com/company/pearl-lemon-leads,B2B Lead Generation Agency,10-50,UK-based lead gen agency with heavy reliance on manual LinkedIn outreach and cold email. Founder-led with limited scalability. AI automation would remove founder bottleneck and enable 24/7 lead generation capacity.,"Hey Deepak, I noticed Pearl Lemon Leads is dealing with massive scale. We've built AI voice automation that could reduce overhead. Worth a chat?","Subject: AI for Pearl Lemon Leads

Hi Deepak Shukla,

I came across Pearl Lemon Leads and saw you're handling UK-based lead gen agency with heavy reliance on manual LinkedIn outreach and col...

We've helped similar agencies automate sales calling — cutting costs by 60%+.

Worth a 15-min call?

Connor
Connor Corp"
Paul Thomas,LeadForensics,VP of Sales,https://www.linkedin.com/company/lead-forensics,Website Visitor ID / Intent Data,100-250,Website visitor identification platform with strong intent data. Problem: customers get leads but lack automated systems to act on them. Offering integrated AI outreach automation would increase platform value and reduce churn.,"Hey Paul, I noticed LeadForensics is dealing with massive scale. We've built AI voice automation that could reduce overhead. Worth a chat?","Subject: AI for LeadForensics

Hi Paul Thomas,

I came across LeadForensics and saw you're handling Website visitor identification platform with strong intent data. Problem: custom...

We've helped similar agencies automate sales calling — cutting costs by 60%+.

Worth a 15-min call?

Connor
Connor Corp"
