Name,LinkedIn URL,DM Message,Email Subject,Email Body
"Sarah Chen — Founder & CEO @ MetricFlow",https://linkedin.com/in/sarah-chen-metricflow,"Hey Sarah, I see MetricFlow is crushing it—want to chat about scaling your outbound sales without adding more SDRs? I’ve got a few strategies that could help.","Scale Your Outbound Efforts Without More SDRs","Hey Sarah,\n\nI love how MetricFlow is revolutionizing data management for SaaS companies. Scaling outbound sales can be a challenge, especially when hiring more SDRs isn’t an option.\n\nWhat if you could boost your outreach efficiency using advanced automation tailored for your unique audience? We’ve helped similar SaaS founders streamline their processes, allowing them to focus on closing deals rather than chasing leads.\n\nLet’s chat about how we can get MetricFlow to the next level without adding to your headcount. Are you free for a quick call this week?\n\nBest,  \nConnor"
"David Park — CEO @ LaunchLeads",https://linkedin.com/in/david-park-launchleads,"Hey David, I see LaunchLeads is doing great things in the lead gen space. Have you considered integrating AI calling to stand out even more? Let's chat if you're interested.","Elevate LaunchLeads with AI Calling","Hey David,\n\nI’ve been following LaunchLeads and love how you’re shaking up the lead gen space. With so much competition, standing out is crucial. \n\nWhat if you could supercharge your SaaS offering with AI calling? Imagine enhancing your lead engagement and conversion rates while cutting down on manual follow-up. \n\nI’ve seen companies like yours leverage AI to not only save time but also to create personalized touchpoints that truly resonate with prospects. \n\nLet’s chat about how integrating AI calling into your platform can give you the edge you need. Are you available for a quick call this week?\n\nBest,  \nConnor"
"Michael Roberts — CEO @ Callbox Inc",https://linkedin.com/in/michael-roberts-callbox,"Hi Michael, I see Callbox excels in B2B lead generation. How open are you to exploring AI sales calling tech that could supercharge your outbound efforts? Let’s chat.","Elevate Callbox's Outbound Game","Hi Michael,\n\nI’ve been following Callbox and love how you’re revolutionizing B2B lead generation. Your commitment to quality outreach sets you apart in a crowded market.\n\nImagine supercharging your outbound efforts with AI-driven sales calling tech. Our solution can enhance your team's efficiency, allowing them to focus on closing deals while the AI handles initial outreach. This means more qualified leads and less time on the phone.\n\nCan we schedule a quick call this week to explore how we can boost your current process? \n\nBest,  \nConnor"
"Emma Wilson — Co-Founder @ Growth.cx",https://linkedin.com/in/emma-wilson-growthcx,"Hey Emma, I see Growth.cx is expanding into outbound—let’s chat about how our calling automation can streamline that process. When’s a good time for a quick call?","Streamline Your Outbound Efforts","Hey Emma,\n\nI see Growth.cx is expanding into outbound marketing—exciting times! As you ramp up those efforts, calling automation can be a game-changer. \n\nImagine your team focusing on closing deals instead of dialing numbers. Our solution automates calls and integrates seamlessly with your existing tools, giving you more time to strategize and execute.\n\nLet’s chat about how we can help you hit your outbound goals faster. Are you available for a quick call this week?\n\nBest,  \nConnor"
"James Mitchell — CEO @ Profitbl",https://linkedin.com/in/james-mitchell-profitbl,"Hey James, I see Profitbl is killing it in lead gen. How about we chat on how our white-label AI calling can supercharge your outreach?","Elevate Profitbl’s Outreach with AI Calling","Hey James,\n\nI’ve been following Profitbl’s innovative lead gen strategies, and I see a huge opportunity. Imagine boosting your outreach with white-label AI calling—it can enhance your efficiency and scale your efforts without the hassle of hiring more reps.\n\nAI calling can handle initial outreach, qualify leads, and free up your team to focus on closing deals. It’s the perfect fit for a SaaS like yours that thrives on speed and precision.\n\nLet’s chat about how we can integrate this into your process. Are you open to a quick call this week?\n\nBest,  \nConnor"
"Lucas Martinez — CEO @ Coinbound",https://linkedin.com/in/lucas-martinez-coinbound,"Hey Lucas, I see Coinbound is killing it in SaaS marketing—have you considered integrating AI calling to boost your performance-based campaigns? Let’s chat about how it can enhance your results.","Boost Your SaaS Performance with AI Calling","Hey Lucas,\n\nI’ve been following Coinbound, and I love how you’re shaking up SaaS marketing with your innovative approach. Given the intense competition in the space, I think AI-driven calling could give your clients a serious edge.\n\nImagine enhancing your outreach strategy with AI that connects at the right moment, streamlining lead generation while maintaining that personal touch. It’s all about getting the right message to the right person fast.\n\nLet’s chat about how this could supercharge your campaigns. Are you free for a quick call this week?\n\nBest,  \nConnor"
"Amanda Foster — CEO @ Realbot",https://linkedin.com/in/amanda-foster-realbot,"Hey Amanda, I see Realbot is already streamlining real estate automation—how about we chat about leveraging AI calling to supercharge that? Let’s connect and explore how we can elevate your tech further.","Elevate Realbot with AI Calling","Hi Amanda,\n\nI love what Realbot is doing in the real estate automation space—streamlining processes is key in a competitive market. Imagine taking it a step further with AI calling, effortlessly connecting agents with leads while handling routine inquiries.\n\nIntegrating AI can not only improve response times but also free up your team to focus on closing deals. With your expertise in automation, this could be a game-changer for Realbot.\n\nLet’s chat about how we can make AI calling a reality for your team. Are you free for a quick call this week?\n\nBest,  \nConnor"
"Chris Taylor — Founder @ AiRE Solutions",https://linkedin.com/in/chris-taylor-aire,"Hey Chris, I love what AiRE Solutions is doing with AI in real estate. How about we chat about a potential partnership or white-labeling our AI cold calling solution to enhance your offerings?","Let’s Elevate AI Cold Calling Together","Hey Chris,\n\nI’ve been following AiRE Solutions and love how you’re revolutionizing cold calling in real estate. Your AI tech has real potential, but imagine scaling it even further with a white-label partner like Connor Corp.\n\nWe specialize in enhancing AI solutions and can help you expand your offerings without the heavy lifting. Together, we can create a comprehensive tool that real estate agents won’t be able to resist.\n\nLet’s chat about how we can collaborate. Are you available for a quick call this week?\n\nBest,  \nConnor"
"Rachel Kim — CEO @ Martal Group",https://linkedin.com/in/rachel-kim-martal,"Hey Rachel, I see Martal Group excels in B2B lead gen—how about we chat about integrating AI calling to supercharge your outbound efforts?","Boost Your Lead Gen with AI Calling","Hi Rachel,\n\nI’ve been following Martal Group’s innovative approach to B2B lead generation, and I’m impressed by your results in helping businesses connect effectively. \n\nImagine supercharging your outbound efforts with AI calling. It’s the perfect complement to your existing strategies—more personalized outreach, faster connections, and better lead qualification. With our AI solution, your team can focus on closing deals while we handle the initial outreach.\n\nLet’s chat about how AI calling can elevate your lead gen game. Are you open to a quick call this week?\n\nBest,  \nConnor"
"Tom Bradley — CEO @ The CMO",https://linkedin.com/in/tom-bradley-thecmo,"Hey Tom, I see The CMO is crushing it in lead gen. Have you considered adding AI calling to supercharge your outreach? Let’s chat about how we can make that happen.","Boost Your Lead Gen with AI Calling","Hey Tom,\n\nI’ve been following The CMO’s innovative approach to B2B lead gen, and I see a huge opportunity to elevate your game even further. \n\nImagine integrating AI calling into your services to streamline outreach and enhance your client conversion rates. Our AI platform can help you engage leads faster and more effectively, giving your team time to focus on strategy instead of dialing.\n\nLet’s chat about how we can help The CMO stand out even more in the ever-competitive marketing landscape. \n\nAre you open to a quick call this week?\n\nBest,  \nConnor"
